序号,医疗机构名称,经度,纬度,是否精确,可信度,地址类型,坐标系,错误,操作
1,芝罘区东山街道南沟社区卫生服务站,121.41753512526759,37.53914145330794,1,70,医疗,bd09,,删除
2,莱州市郭家店中心卫生院,120.16737601313898,37.092289596207884,1,70,医疗,bd09,,删除
3,招远市夏甸镇东庄卫生院,120.32349836670386,37.21505884136053,1,70,医疗,bd09,,删除
4,招远市夏甸镇新村卫生院,120.38966790989103,37.19332234997716,1,70,医疗,bd09,,删除
5,招远市大秦家卫生院,120.4536222316906,37.368374832239994,1,70,医疗,bd09,,删除
6,招远市张星中心卫生院,120.35585775659814,37.468981458927466,1,70,医疗,bd09,,删除
7,招远市张星镇宋家卫生院,120.39651838771012,37.485597298988665,1,70,医疗,bd09,,删除
8,招远市毕郭中心卫生院,120.55614628869715,37.22995704762723,1,70,医疗,bd09,,删除
9,招远市泉山街道社区卫生服务中心,120.43241099283624,37.36553495169426,1,70,医疗,bd09,,删除
10,招远市玲珑中心卫生院,120.48555735189252,37.41502599560334,1,70,医疗,bd09,,删除
11,招远市社区卫生服务中心,120.4097412651559,37.38453879798922,1,70,医疗,bd09,,删除
12,招远市蚕庄中心卫生院,120.23064798207317,37.4052890025782,1,70,医疗,bd09,,删除
13,招远市辛庄镇卫生院,120.240184213706,37.50692435477526,1,70,医疗,bd09,,删除
14,招远市道头中心卫生院,120.38117353298868,37.24669477941499,1,70,医疗,bd09,,删除
15,招远市金岭镇卫生院,120.30581899562308,37.40073501294195,1,70,医疗,bd09,,删除
16,招远市金岭镇大户陈家卫生院,120.30591421600714,37.33871813076062,1,70,医疗,bd09,,删除
17,招远市阜山镇南院庄卫生院,120.54094911540155,37.32061713382462,1,70,医疗,bd09,,删除
18,招远市阜山镇栾家河卫生院,120.56916534062272,37.406398790998146,0,50,村庄,bd09,,删除
19,招远市齐山镇大吴家卫生院,120.43709260183205,37.2449673394981,1,70,医疗,bd09,,删除
20,曙光社区服务站,121.61667795851919,37.40386422665427,1,70,地产小区,bd09,,删除
21,栖霞市中医医院翠屏小区社区卫生服务站,120.84864031190124,37.30671682064194,1,70,医疗,bd09,,删除
22,栖霞市中医医院长虹社区,120.84831171174568,37.32062100811497,1,70,地产小区,bd09,,删除
23,栖霞市亭口中心卫生院,121.01658158123034,37.39023527759187,1,70,医疗,bd09,,删除
24,栖霞市唐家泊中心卫生院,121.00256280510273,37.22965326389794,0,25,乡镇,bd09,,删除
25,栖霞市官道镇卫生院,120.63275809445452,37.21579865278007,1,70,医疗,bd09,,删除
26,栖霞市寺口镇卫生院,120.65191850182958,37.32365882022075,0,25,乡镇,bd09,,删除
27,栖霞市庙后镇卫生院,121.1006071921921,37.37761195768478,1,70,医疗,bd09,,删除
28,栖霞市杨础中心卫生院,120.79214129702062,37.19630842686914,1,70,医疗,bd09,,删除
29,栖霞市松山街道社区卫生服务中心,120.83893043781333,37.309044949538844,1,70,医疗,bd09,,删除
30,栖霞市桃村镇卫生院,121.15327107135897,37.19126702620871,1,70,医疗,bd09,,删除
31,栖霞市涌泉社区卫生服务站,120.84163379841506,37.30815206860529,1,70,医疗,bd09,,删除
32,栖霞市翠屏街道社区卫生服务中心,120.83893043781333,37.309044949538844,1,70,医疗,bd09,,删除
33,栖霞市臧家庄中心卫生院,121.00060090586894,37.477066575351294,1,70,医疗,bd09,,删除
34,栖霞市苏家店中心卫生院,120.68702733539826,37.42469816234716,1,70,医疗,bd09,,删除
35,栖霞市蛇窝泊中心卫生院,120.870806988496,37.14165788727148,1,70,医疗,bd09,,删除
36,栖霞市蛇窝泊镇大柳家卫生所,120.93912159541046,37.2357781214335,0,50,村庄,bd09,,删除
37,栖霞市西城镇卫生院,120.75824697250144,37.31910047717191,1,70,医疗,bd09,,删除
38,栖霞市观里镇卫生院,120.70980926143682,37.20519171444101,1,70,医疗,bd09,,删除
39,栖霞市金岭社区卫生服务站,120.84313702285544,37.31791591521673,1,70,医疗,bd09,,删除
40,栖霞经济开发区卫生院,120.85641658337892,37.341418164799684,0,20,区县,bd09,,删除
41,海阳市东村中心卫生院,121.17210162095078,36.77959725671133,1,70,医疗,bd09,,删除
42,海阳市二十里店镇卫生院,121.09819901478096,36.735517916532935,0,25,乡镇,bd09,,删除
43,海阳市兴海社区卫生服务中站,121.163828406865,36.785624111268845,1,70,地产小区,bd09,,删除
44,海阳市凤城街道卫生院,121.25142612968719,36.71369117911352,0,25,乡镇,bd09,,删除
45,海阳市北山社区卫生服务中站,121.16442613935133,36.78515428757653,1,70,地产小区,bd09,,删除
46,海阳市双阳社区卫生服务中站,121.19728849050065,36.791221668649044,1,70,地产小区,bd09,,删除
47,海阳市发城中心卫生院,120.99790113848925,37.00430961646755,1,70,医疗,bd09,,删除
48,海阳市小纪中心卫生院,121.00038998373519,36.78813619522929,1,70,医疗,bd09,,删除
49,海阳市徐家店中心卫生院,120.99043020105442,37.08840091750901,1,70,医疗,bd09,,删除
50,海阳市文山社区卫生服务中站,121.17224418203521,36.80066379834795,1,70,地产小区,bd09,,删除
51,海阳市新元社区卫生服务中站,121.1804581977879,36.693269738228416,0,20,区县,bd09,,删除
52,海阳市朱吴镇卫生院,121.10579355905398,36.908187233011525,1,70,医疗,bd09,,删除
53,海阳市海政社区卫生服务中站,121.16416257651471,36.77549494437909,1,70,地产小区,bd09,,删除
54,海阳市留格庄中心卫生院,121.32209842924313,36.79051351578519,0,25,乡镇,bd09,,删除
55,海阳市盘石店镇卫生院,121.29276839502016,36.88361528344985,1,70,医疗,bd09,,删除
56,海阳市行村镇卫生院,120.92357192703274,36.6867778675633,1,70,医疗,bd09,,删除
57,海阳市辛安中心卫生院,120.99837544379852,36.657353570008475,1,70,医疗,bd09,,删除
58,海阳市郭城中心卫生院,121.12439369328246,37.06165214645567,1,70,医疗,bd09,,删除
59,海阳市阳光社区卫生服务站,121.18667150750878,36.788101584730654,1,70,医疗,bd09,,删除
60,海阳市龙山街道卫生院,121.12930949052472,36.69231910766797,0,25,乡镇,bd09,,删除
61,烟台市开发区东星社区卫生服务站,121.27185808851165,37.55730158026887,1,70,医疗,bd09,,删除
62,烟台市开发区凤台社区卫生服务站,121.24952244065045,37.566092933337536,1,70,医疗,bd09,,删除
63,烟台市开发区奇章社区卫生服务站,121.42319427031936,37.41893424978346,1,70,医疗,bd09,,删除
64,烟台市开发区旭日社区卫生服务站,121.27304124669882,37.57071113358826,1,70,医疗,bd09,,删除
65,烟台市开发区星海社区卫生服务站,121.25684434920116,37.57349582940344,1,70,医疗,bd09,,删除
66,烟台市开发区晨光社区卫生服务站,121.27980584651117,37.56829731190858,1,70,医疗,bd09,,删除
67,烟台市开发区福嵛社区卫生服务站,121.20934303180015,37.568433604086856,1,70,医疗,bd09,,删除
68,烟台市开发区福莱社区卫生服务站,121.26556536858368,37.54565287268762,1,70,医疗,bd09,,删除
69,烟台市开发区舒家社区卫生服务站,121.26378061519647,37.544840442989425,1,70,医疗,bd09,,删除
70,烟台市开发区金东社区卫生服务站,121.29252693049906,37.560119750044386,1,70,医疗,bd09,,删除
71,烟台市开发区金城社区卫生服务站,120.11478157298804,37.42667068801649,0,25,乡镇,bd09,,删除
72,烟台市开发区银芝社区卫生服务站,121.27864918833652,37.565275508128686,1,70,医疗,bd09,,删除
73,烟台市开发区阳光社区卫生服务站,121.26154545142653,37.57247205743532,1,70,医疗,bd09,,删除
74,烟台市开发区静海社区卫生服务站,121.2428346459592,37.57183002976489,1,70,医疗,bd09,,删除
75,烟台市牟平区养马岛街道社区卫生服务中心,121.62598431377201,37.47187323412183,0,25,乡镇,bd09,,删除
76,烟台市牟平区大窑街道社区卫生服务中心,121.6664742668371,37.39708274720903,1,70,医疗,bd09,,删除
77,烟台市牟平区姜格庄街道社区卫生服务中心,121.82142001984501,37.423742974537035,1,70,医疗,bd09,,删除
78,烟台市牟平区宁海街道社区卫生服务中心,121.6020913634787,37.3969125966594,1,70,医疗,bd09,,删除
79,烟台市牟平区文化街道海德社区卫生服务站,121.59652923542203,37.39190989605315,1,70,医疗,bd09,,删除
80,烟台市牟平区文化街道社区卫生服务中心,121.60346622006173,37.39250080236628,1,70,医疗,bd09,,删除
81,烟台市牟平区文化街道雷神庙社区卫生服务站,121.6108003455674,37.381127396343,1,70,医疗,bd09,,删除
82,烟台市牟平区武宁街道社区卫生服务中心,121.56799905242514,37.37534339819459,1,70,医疗,bd09,,删除
83,烟台市牟平区水道镇中心卫生院,121.59041617659608,37.177587386939834,0,25,乡镇,bd09,,删除
84,烟台市牟平区玉林店镇卫生院,121.63210006751449,37.28692392838441,1,70,医疗,bd09,,删除
85,烟台市牟平区王格庄镇卫生院,121.41399526257497,37.1756065359755,0,25,乡镇,bd09,,删除
86,烟台市牟平区莒格庄镇卫生院,121.69727716277424,37.17432149954847,0,25,乡镇,bd09,,删除
87,烟台市牟平区观水镇中心卫生院,121.27447619992047,37.22138087848757,0,25,乡镇,bd09,,删除
88,烟台市牟平区高陵镇中心卫生院,121.53340036655557,37.303205617340794,1,70,医疗,bd09,,删除
89,烟台市牟平区龙泉镇中心卫生院,121.78425065309754,37.343279290041416,0,25,乡镇,bd09,,删除
90,烟台市福山区东厅街道社区卫生服务中心,121.21639032835648,37.481342190093756,1,70,医疗,bd09,,删除
91,烟台市福山区回里镇中心卫生院,121.3250482848768,37.34353957704949,0,25,乡镇,bd09,,删除
92,烟台市福山区张格庄镇中心卫生院,121.19111407740837,37.384194496397534,1,70,医疗,bd09,,删除
93,烟台市福山区清洋街道社区卫生服务中心,121.28309373450824,37.52475697247611,1,70,政府机构,bd09,,删除
94,烟台市福山区福新街道社区卫生服务中心,121.20507464333893,37.535662972403415,1,70,医疗,bd09,,删除
95,烟台市福山区门楼镇卫生院,121.25124062959938,37.42358914888849,1,70,医疗,bd09,,删除
96,烟台市福山区门楼镇斗余卫生院,121.30594015888241,37.46135749217552,1,70,医疗,bd09,,删除
97,烟台市福山区高疃镇中心卫生院,121.11364870175542,37.48392916048738,1,70,医疗,bd09,,删除
98,烟台市芝罘区世回尧街道上尧社区卫生服务站,121.36957118052894,37.5205272256023,1,70,医疗,bd09,,删除
99,烟台市芝罘区世回尧街道世秀社区卫生服务站,121.381032211378,37.518187899643095,1,70,医疗,bd09,,删除
100,烟台市芝罘区世回尧街道南尧社区卫生服务站,121.37075182346071,37.51625258512309,1,70,医疗,bd09,,删除
101,烟台市芝罘区世回尧街道惠安社区卫生服务站,121.37620489722848,37.509297457249154,1,70,医疗,bd09,,删除
102,烟台市芝罘区东山街道厚安社区卫生服务站,121.41032011507257,37.54154771519202,1,70,医疗,bd09,,删除
103,烟台市芝罘区东山街道民生社区卫生服务站,121.41548025141353,37.54273636735803,1,70,医疗,bd09,,删除
104,烟台市芝罘区东山街道海岸路社区卫生服务站,121.40511407532003,37.54548485111319,1,70,医疗,bd09,,删除
105,烟台市芝罘区东山街道航院社区卫生服务站,121.42118790496284,37.543104182552916,1,70,医疗,bd09,,删除
106,烟台市芝罘区东山街道辛庄社区卫生服务站,121.40911539755314,37.537818326417266,1,70,医疗,bd09,,删除
107,烟台市芝罘区东山街道进德社区卫生服务站,121.41654716886772,37.53853390236166,1,70,医疗,bd09,,删除
108,烟台市芝罘区凤凰台街道东台社区卫生服务站,121.33838398949462,37.54450053314447,1,70,医疗,bd09,,删除
109,烟台市芝罘区凤凰台街道中台社区卫生服务站,121.3350008811135,37.54725131170703,1,70,医疗,bd09,,删除
110,烟台市芝罘区凤凰台街道新桥东社区服务站,121.36189399214902,37.55773297332249,1,70,地产小区,bd09,,删除
111,烟台市芝罘区凤凰台街道新桥社区卫生服务站,121.36077955433333,37.55675260894115,1,70,医疗,bd09,,删除
112,烟台市芝罘区凤凰台街道珠玑社区卫生服务站,121.34526725546483,37.555791970822014,1,70,医疗,bd09,,删除
113,烟台市芝罘区凤凰台街道社区卫生服务中心,121.37953698185663,37.53841100377672,1,70,医疗,bd09,,删除
114,烟台市芝罘区只楚街道社区卫生服务中心,121.37600861747454,37.543756116540514,1,70,医疗,bd09,,删除
115,烟台市芝罘区只楚街道锦绣新城社区卫生服务站,121.37094576762031,37.566013772705574,1,70,医疗,bd09,,删除
116,烟台市芝罘区向阳街道兴隆社区卫生服务站,121.39900020801912,37.54771251863388,1,70,医疗,bd09,,删除
117,烟台市芝罘区向阳街道友谊社区卫生服务站,121.4042292443927,37.540339228986994,1,70,医疗,bd09,,删除
118,烟台市芝罘区向阳街道向阳街社区卫生服务站,121.40667353368536,37.54010810214043,1,70,医疗,bd09,,删除
119,烟台市芝罘区向阳街道所城社区卫生服务站,121.40799368346282,37.53898235885291,1,70,医疗,bd09,,删除
120,烟台市芝罘区向阳街道社区卫生服务中心,121.37953698185663,37.53841100377672,1,70,医疗,bd09,,删除
121,烟台市芝罘区向阳街道胜利路社区卫生服务站,121.40737304418597,37.54564908165587,1,70,医疗,bd09,,删除
122,烟台市芝罘区奇山街道四眼桥社区卫生服务站,121.40486488537155,37.533831705537494,1,70,医疗,bd09,,删除
123,烟台市芝罘区奇山街道塔山社区卫生服务站,121.40516473975079,37.52492103441557,1,70,医疗,bd09,,删除
124,烟台市芝罘区奇山街道奇中社区卫生服务站,121.40674423032898,37.52825836020812,1,70,医疗,bd09,,删除
125,烟台市芝罘区奇山街道奇南社区卫生服务站,121.40793071224657,37.52420589913729,1,70,医疗,bd09,,删除
126,烟台市芝罘区奇山街道社区卫生服务中心,121.37953698185663,37.53841100377672,1,70,医疗,bd09,,删除
127,烟台市芝罘区奇山街道迎西社区卫生服务站,121.41011961328273,37.532990815637525,1,70,医疗,bd09,,删除
128,烟台市芝罘区奇山街道长生社区卫生服务站,121.43938416103404,37.53462637132892,1,70,医疗,bd09,,删除
129,烟台市芝罘区幸福街道万华社区卫生服务站,121.35333969826915,37.57639646339899,1,70,医疗,bd09,,删除
130,烟台市芝罘区幸福街道信达社区卫生服务站,121.37484468302526,37.58613157309858,1,70,医疗,bd09,,删除
131,烟台市芝罘区幸福街道华信社区卫生服务站,121.37094576762031,37.566013772705574,1,70,医疗,bd09,,删除
132,烟台市芝罘区幸福街道幸海里社区卫生服务站,121.36053719150674,37.575359861622864,1,70,医疗,bd09,,删除
133,烟台市芝罘区幸福街道幸福社区卫生服务站,121.36858558718458,37.573858108013845,1,70,医疗,bd09,,删除
134,烟台市芝罘区幸福街道幸芝里社区卫生服务站,121.36079275942433,37.57503746678063,1,70,医疗,bd09,,删除
135,烟台市芝罘区幸福街道支农里社区卫生服务站,121.37219432244864,37.57016183287817,1,70,医疗,bd09,,删除
136,烟台市芝罘区幸福街道新世界社区卫生服务站,121.3596157097146,37.569308985733734,1,70,医疗,bd09,,删除
137,烟台市芝罘区幸福街道永和社区卫生服务站,121.36615878738819,37.57966754798793,1,70,医疗,bd09,,删除
138,烟台市芝罘区幸福街道社区卫生服务中心,121.37953698185663,37.53841100377672,1,70,医疗,bd09,,删除
139,烟台市芝罘区幸福街道祥发社区卫生服务站,121.36121145962252,37.58700595855632,1,70,医疗,bd09,,删除
140,烟台市芝罘区幸福街道福兴社区卫生服务站,121.36032393377869,37.57030234041302,1,70,医疗,bd09,,删除
141,烟台市芝罘区幸福街道福盈社区卫生服务站,121.35561717222859,37.581480020074615,1,70,医疗,bd09,,删除
142,烟台市芝罘区毓璜顶街道大海阳社区卫生服务站,121.38511375229312,37.544551247907,1,70,医疗,bd09,,删除
143,烟台市芝罘区毓璜顶街道文化苑社区卫生服务站,121.38863870311428,37.54145779831813,1,70,医疗,bd09,,删除
144,烟台市芝罘区毓璜顶街道毓璜顶东社区卫生服务站,121.39766820060893,37.540147589043755,1,70,医疗,bd09,,删除
145,烟台市芝罘区毓璜顶街道毓璜顶西社区卫生服务站,121.38544504736521,37.544029792623505,1,70,医疗,bd09,,删除
146,烟台市芝罘区毓璜顶街道海港社区卫生服务站,121.39471484158378,37.54785306886992,1,70,医疗,bd09,,删除
147,烟台市芝罘区毓璜顶街道翡翠社区卫生服务站,121.38987135793506,37.530865869861074,1,70,医疗,bd09,,删除
148,烟台市芝罘区毓璜顶街道黄山北社区卫生服务站,121.3852608049051,37.541673899069295,1,70,医疗,bd09,,删除
149,烟台市芝罘区毓璜顶街道黄山南社区卫生服务站,121.37094576762031,37.566013772705574,1,70,医疗,bd09,,删除
150,烟台市芝罘区白石街道南开社区卫生服务站,121.37055949625102,37.543540808716585,1,70,医疗,bd09,,删除
151,烟台市芝罘区白石街道新海阳社区卫生服务站,121.37953698185663,37.53841100377672,1,70,医疗,bd09,,删除
152,烟台市芝罘区白石街道新西社区卫生服务站,121.37717380955152,37.54036169067234,1,70,医疗,bd09,,删除
153,烟台市芝罘区白石街道白春社区卫生服务站,121.37280543968706,37.54472570928555,1,70,医疗,bd09,,删除
154,烟台市芝罘区白石街道社区卫生服务中心,121.37953698185663,37.53841100377672,1,70,医疗,bd09,,删除
155,烟台市芝罘区白石街道青华社区卫生服务站,121.37976739721994,37.541772256534,1,70,医疗,bd09,,删除
156,烟台市芝罘区通伸街道前进路卫生服务站,121.37094576762031,37.566013772705574,1,70,医疗,bd09,,删除
157,烟台市芝罘区通伸街道社区卫生服务中心,121.37953698185663,37.53841100377672,1,70,医疗,bd09,,删除
158,烟台市芝罘区通伸街道西炮台社区卫生服务站,121.37239976491875,37.55491743026227,1,70,医疗,bd09,,删除
159,烟台市芝罘区通伸街道顺河社区卫生服务站,121.37576984786999,37.55517540220863,1,70,医疗,bd09,,删除
160,烟台市芝罘区黄务街道三和社区卫生服务站,121.35679071854683,37.475710764274744,1,70,医疗,bd09,,删除
161,烟台市芝罘区黄务街道刘家社区卫生服务站,121.34327894604904,37.49453117273483,1,70,医疗,bd09,,删除
162,烟台市芝罘区黄务街道朱家疃社区卫生服务站,121.36408181521855,37.45442062674095,1,70,医疗,bd09,,删除
163,烟台市芝罘区黄务街道社区卫生服务中心,121.35259617079853,37.47434970174846,0,25,乡镇,bd09,,删除
164,烟台市芝罘区黄务街道蓁山社区卫生服务站,121.35772558509107,37.50885790945028,1,70,医疗,bd09,,删除
165,烟台市莱山区莱山街道社区卫生服务中心,121.38729627536016,37.39967215540761,1,70,医疗,bd09,,删除
166,烟台市莱山区解甲庄街道社区卫生服务中心,121.42319427031936,37.41893424978346,1,70,医疗,bd09,,删除
167,烟台市莱山区院格庄街道社区卫生服务中心,121.38046106873475,37.31179018824277,1,70,医疗,bd09,,删除
168,烟台市莱山区黄海路街道社区卫生服务中心,121.45237195192786,37.49499063268378,1,70,医疗,bd09,,删除
169,烟台市莱山经济开发区社区卫生服务中心,121.45237195192786,37.49499063268378,1,70,医疗,bd09,,删除
170,烟台市莱阳市万第中心卫生院,120.87163253125968,36.884671047114374,1,70,医疗,bd09,,删除
171,烟台市莱阳市冯格庄街道社区卫生服务中心,120.63724890336,36.992519653713025,1,70,医疗,bd09,,删除
172,烟台市莱阳市古柳街道社区卫生服务中心,120.71434013476804,36.9418049216938,1,70,医疗,bd09,,删除
173,烟台市莱阳市吕格庄卫生院,120.65387546038306,36.87158120748642,0,25,乡镇,bd09,,删除
174,烟台市莱阳市团旺中心卫生院,120.6495468854527,36.76828112483253,1,70,医疗,bd09,,删除
175,烟台市莱阳市城厢街道社区卫生服务中心,120.72064444283707,36.98252472783837,1,70,医疗,bd09,,删除
176,烟台市莱阳市大夼卫生院,120.82640329798502,36.80742407249141,1,70,医疗,bd09,,删除
177,烟台市莱阳市姜疃中心卫生院,120.74429449132046,36.7861449459495,0,25,乡镇,bd09,,删除
178,烟台市莱阳市山前店卫生院,120.88281832130046,37.01828745196572,1,70,医疗,bd09,,删除
179,烟台市莱阳市柏林庄卫生院,120.68270100623165,37.00574007529241,1,70,医疗,bd09,,删除
180,烟台市莱阳市沐浴店中心卫生院,120.76651515607638,37.04248312358974,1,70,医疗,bd09,,删除
181,烟台市莱阳市河洛卫生院,120.72235221144209,37.0183618653419,1,70,医疗,bd09,,删除
182,烟台市莱阳市照旺庄卫生院,120.75703533802957,36.91992163115287,1,70,医疗,bd09,,删除
183,烟台市莱阳市穴坊中心卫生院,120.72875641108382,36.67296794396638,1,70,医疗,bd09,,删除
184,烟台市莱阳市羊郡镇羊郡卫生院,120.83424963729249,36.6750047056455,1,70,医疗,bd09,,删除
185,烟台市莱阳市谭格庄中心卫生院,120.60141837114462,37.127224482109305,0,25,乡镇,bd09,,删除
186,烟台市莱阳市高格庄卫生院,120.77679563382421,36.7254441199254,0,25,乡镇,bd09,,删除
187,烟台市莱阳市龙旺庄社区卫生服务中心,120.82425787493557,36.96463985137808,1,70,医疗,bd09,,删除
188,烟台经济技术开发区八角社区卫生服务中心,121.13252335814776,37.64377614409409,1,70,医疗,bd09,,删除
189,烟台经济技术开发区古现社区卫生服务中心,121.13756905036676,37.57962693826578,0,70,地产小区,bd09,,删除
190,烟台经济技术开发区大季家社区卫生服务中心,121.06661629983061,37.676497714327425,0,25,乡镇,bd09,,删除
191,烟台经济技术开发区潮水中心卫生院,120.97924423135252,37.696697591526735,1,70,医疗,bd09,,删除
192,烟台经济技术开发区福莱山社区卫生服务中心,121.26618403158841,37.572885986782744,1,70,医疗,bd09,,删除
193,烟台高新技术产业开发区医院,121.5356349913422,37.42599515474391,1,70,医疗,bd09,,删除
194,福山区经济开发区卫生院,121.03391169112884,37.48268386652809,1,70,医疗,bd09,,删除
195,福山区臧家庄中心卫生院,121.00060090586894,37.477066575351294,1,70,医疗,bd09,,删除
196,莱州市三山岛街道社区卫生服务中心,119.95818518360554,37.406829343736156,0,25,乡镇,bd09,,删除
197,莱州市土山镇卫生院,119.70330321210422,37.06157115234112,1,70,医疗,bd09,,删除
198,莱州市城市社区卫生服务中心,119.95246782835672,37.1864083522474,1,70,医疗,bd09,,删除
199,莱州市城港路街道社区卫生服务中心（莱州经济开发区医院）,119.94413379898789,37.292160205020956,1,70,医疗,bd09,,删除
200,莱州市夏邱中心卫生院,119.91669595549112,37.021137871172115,1,70,医疗,bd09,,删除
201,莱州市平里店中心卫生院,120.02954306992669,37.29882795313223,1,70,医疗,bd09,,删除
202,莱州市文峰路街道社区卫生服务中心,119.94185946909774,37.13337325817378,1,70,医疗,bd09,,删除
203,莱州市朱桥中心卫生院,120.02954306992669,37.29882795313223,1,70,医疗,bd09,,删除
204,莱州市朱桥镇梁郭卫生院,120.14630499977471,37.3069616636572,1,70,医疗,bd09,,删除
205,莱州市朱桥镇苗家卫生院,120.08735289220746,37.31655447081604,0,50,村庄,bd09,,删除
206,莱州市柞村镇卫生院,119.9534281169469,37.06638788267088,0,25,乡镇,bd09,,删除
207,莱州市沙河卫生院,119.775064707091,37.044208032990994,0,25,乡镇,bd09,,删除
208,莱州市沙河镇路旺卫生院,119.82985514489164,37.051471762795025,1,70,医疗,bd09,,删除
209,莱州市程郭镇卫生院,120.00195655686802,37.22911465353252,1,70,医疗,bd09,,删除
210,莱州市虎头崖镇东宋卫生院,119.83137956934209,37.15464883474763,0,50,村庄,bd09,,删除
211,莱州市虎头崖镇神堂卫生院,119.883508058425,37.139007731164426,1,70,医疗,bd09,,删除
212,莱州市金仓社区卫生服务中心,119.94185946909774,37.13337325817378,1,70,医疗,bd09,,删除
213,莱州市金城镇卫生院,120.11699302149249,37.422552984772075,1,70,医疗,bd09,,删除
214,莱州市驿道中心卫生院,120.17483383531335,37.23835676417097,1,70,医疗,bd09,,删除
215,蓬莱区刘家沟卫生院,120.89510255931886,37.77415555539315,1,70,医疗,bd09,,删除
216,蓬莱区北沟卫生院,120.62797264134176,37.77326114360047,0,25,乡镇,bd09,,删除
217,蓬莱区北沟镇徐家集卫生院,120.70953725452839,37.702157078134306,1,70,医疗,bd09,,删除
218,蓬莱区南王街道社区卫生服务中心,120.81387004967927,37.77062740366579,1,70,医疗,bd09,,删除
219,蓬莱区大柳行卫生院,121.05153437913192,37.6167371894896,1,70,医疗,bd09,,删除
220,蓬莱区大辛店中心卫生院（第二人民医院）,120.86336282056537,37.62887489537845,1,70,医疗,bd09,,删除
221,蓬莱区小门家卫生院,120.80978096299786,37.625260380689774,1,70,医疗,bd09,,删除
222,蓬莱区小门家镇于家庄卫生院,120.70605721898274,37.65285446842443,0,50,村庄,bd09,,删除
223,蓬莱区新港街道社区卫生服务中心,120.81387004967927,37.77062740366579,1,70,医疗,bd09,,删除
224,蓬莱区村里集中心卫生院,120.78779987632144,37.54887932783608,1,70,医疗,bd09,,删除
225,蓬莱区登州街道社区卫生服务中心,120.78251999585599,37.813362818015875,1,70,医疗,bd09,,删除
226,蓬莱区第二人民医院遇驾夼卫生所,120.86336282056537,37.62887489537845,1,70,医疗,bd09,,删除
227,蓬莱区第二人民医院龙山店卫生所,120.86336282056537,37.62887489537845,1,70,医疗,bd09,,删除
228,蓬莱市刘家沟卫生院,120.89510255931886,37.77415555539315,1,70,医疗,bd09,,删除
229,蓬莱市北沟卫生院,120.62797264134176,37.77326114360047,0,25,乡镇,bd09,,删除
230,蓬莱市北沟镇徐家集卫生院,120.70953725452839,37.702157078134306,1,70,医疗,bd09,,删除
231,蓬莱市南王街道社区卫生服务中心,120.8068066734543,37.77062754628707,0,25,乡镇,bd09,,删除
232,蓬莱市大柳行卫生院,121.05153437913192,37.6167371894896,1,70,医疗,bd09,,删除
233,蓬莱市大辛店中心卫生院（第二人民医院）,120.86336282056537,37.62887489537845,1,70,医疗,bd09,,删除
234,蓬莱市小门家卫生院,120.80978096299786,37.625260380689774,1,70,医疗,bd09,,删除
235,蓬莱市小门家镇于家庄卫生院,120.70605721898274,37.65285446842443,0,50,村庄,bd09,,删除
236,蓬莱市新港街道社区卫生服务中心,120.84632645656863,37.806042407046284,0,25,乡镇,bd09,,删除
237,蓬莱市村里集中心卫生院,120.78779987632144,37.54887932783608,1,70,医疗,bd09,,删除
238,蓬莱市登州街道社区卫生服务中心,120.78251999585599,37.813362818015875,1,70,医疗,bd09,,删除
239,蓬莱市第二人民医院遇驾夼卫生所,121.59236594870548,37.40293578923039,1,70,医疗,bd09,,删除
240,蓬莱市第二人民医院龙山店卫生所,121.59236594870548,37.40293578923039,1,70,医疗,bd09,,删除
241,长岛县北长山卫生院,120.72680601016056,37.9728648654469,1,70,医疗,bd09,,删除
242,长岛县北隍城卫生院,120.92257480791666,38.39625563513185,0,25,乡镇,bd09,,删除
243,长岛县南长山街道社区卫生服务中心,120.73758873051904,37.94152629258075,0,25,乡镇,bd09,,删除
244,长岛县大钦岛卫生院,120.82970088768162,38.31144278614716,0,25,乡镇,bd09,,删除
245,长岛县砣矶中心卫生院,120.7598360749486,38.17227557549623,0,25,乡镇,bd09,,删除
246,长岛县黑山卫生院,120.62379201732888,37.97327334030498,0,25,乡镇,bd09,,删除
247,龙口南山医院,120.49298795540996,37.60944397286876,1,70,医疗,bd09,,删除
248,龙口市七甲中心卫生院,120.61595025937952,37.498219942263404,1,70,医疗,bd09,,删除
249,龙口市下丁家镇卫生院,120.51382253476399,37.5532462766212,1,70,医疗,bd09,,删除
250,龙口市东江街道卫生院,120.5236321207635,37.63527588393597,0,25,乡镇,bd09,,删除
251,龙口市中心泊卫生室,120.35021927257311,37.65008455348725,1,70,医疗,bd09,,删除
252,龙口市兰高中心卫生院,120.58431184948755,37.651251673205124,1,70,医疗,bd09,,删除
253,龙口市前店卫生室,120.35021927257311,37.65008455348725,1,70,医疗,bd09,,删除
254,龙口市前栾卫生室,120.35021927257311,37.65008455348725,1,70,医疗,bd09,,删除
255,龙口市北马中心卫生院,120.40385655559058,37.623040983122145,1,70,医疗,bd09,,删除
256,龙口市后栾卫生室,120.35021927257311,37.65008455348725,1,70,医疗,bd09,,删除
257,龙口市城市社区卫生服务中心,120.51454450290235,37.65844562210531,1,70,医疗,bd09,,删除
258,龙口市徐福街道卫生院,120.49578833300677,37.68434809845478,0,25,乡镇,bd09,,删除
259,龙口市新嘉街道卫生院,120.49721681842873,37.663449324221936,0,25,乡镇,bd09,,删除
260,龙口市望马史家卫生室,120.41229685450124,37.60128912324956,0,50,村庄,bd09,,删除
261,龙口市石良中心卫生院,120.67240265220417,37.58082169841018,1,70,医疗,bd09,,删除
262,龙口市芦头卫生室,120.53769518335275,37.63304650001064,1,70,医疗,bd09,,删除
263,龙口市芦头镇卫生院,120.45989429059182,37.6219453001883,1,70,医疗,bd09,,删除
264,龙口市西梧桐卫生室,120.35021927257311,37.65008455348725,1,70,医疗,bd09,,删除
265,龙口市诸由观中心卫生院,120.59752089302846,37.69450690181485,1,70,医疗,bd09,,删除
266,龙口市迟家沟卫生室,120.35021927257311,37.65008455348725,1,70,医疗,bd09,,删除
267,龙口市韩家店卫生室,120.35021927257311,37.65008455348725,1,70,医疗,bd09,,删除
268,龙口市韩栾卫生室,120.35021927257311,37.65008455348725,1,70,医疗,bd09,,删除
269,龙口市高家河卫生室,120.35021927257311,37.65008455348725,1,70,医疗,bd09,,删除
270,龙口市麻家卫生室,120.45309411788129,37.600605747364035,1,70,医疗,bd09,,删除
271,龙口市黄山馆镇卫生院,120.28883940453458,37.553401978871605,1,70,医疗,bd09,,删除
272,龙口经济开发区医院,120.3389420350314,37.607261977839585,1,70,医疗,bd09,,删除